person_id,age,state,first_name,last_name
1,27,CA,Chloe,Moore
2,44,GA,James,Miller
3,82,NY,Avery,Ramirez
4,17,CA,Charlotte,Wilson
5,42,IN,Ethan,Johnson
6,84,OH,Penelope,Wright
7,66,GA,Mateo,Nguyen
8,48,CA,Asher,Hernandez
9,67,NJ,Evelyn,Martinez
10,40,NJ,Elijah,Garcia
11,61,FL,Levi,Thompson
12,46,TX,Jacob,Robinson
13,81,FL,Alexander,Garcia
14,83,MI,Logan,Flores
15,59,MD,Benjamin,Jones
16,18,GA,Layla,Jackson
17,23,GA,Elijah,Harris
18,48,MA,Logan,White
19,33,VA,Levi,Wilson
20,47,NY,Ethan,Hernandez
21,81,GA,William,Robinson
22,61,NC,Logan,Scott
23,41,NJ,Layla,Brown
24,42,TX,Jack,Sanchez
25,47,NY,Ava,Torres
26,53,OH,Emily,Young
27,63,MA,Sophia,Taylor
28,30,GA,Chloe,Scott
29,81,NC,Chloe,Nguyen
30,67,MD,Gianna,White
31,41,IL,Michael,Young
32,24,TX,Amelia,Martinez
33,33,AZ,Ethan,Jones
34,62,WA,Ethan,Robinson
35,80,NC,Sofia,Smith
36,27,MO,Asher,Moore
37,56,FL,Theodore,Ramirez
38,33,MA,Liam,Taylor
39,77,PA,Michael,Miller
40,51,IN,Ethan,Gonzalez
41,32,VA,Asher,Hernandez
42,82,IN,Liam,Hill
43,54,TN,Olivia,Davis
44,59,MI,Mia,Brown
45,43,MD,Charlotte,Garcia
46,75,NY,Asher,Wright
47,29,IL,Owen,Walker
48,83,PA,Henry,King
49,67,OH,Mason,Gonzalez
50,52,WA,Owen,White
51,69,IN,Mateo,Davis
52,44,GA,Oliver,Perez
53,15,MD,Sofia,Anderson
54,41,CA,Oliver,Brown
55,42,NY,Noah,Perez
56,22,IN,Mia,Moore
57,75,OH,Mason,Rodriguez
58,73,GA,Daniel,Clark
59,37,FL,Elijah,Ramirez
60,58,AZ,Jackson,Robinson
61,19,FL,Emma,Sanchez
62,56,FL,Mia,Gonzalez
63,37,MO,Mateo,Rodriguez
64,67,PA,Evelyn,Robinson
65,44,NY,Mateo,Scott
66,25,TX,Emily,Wright
67,14,NY,Asher,Thomas
68,34,AZ,Ella,Walker
69,40,WA,Emma,Hernandez
70,61,CA,Alexander,Taylor
71,71,MI,Elizabeth,Scott
72,75,IL,Benjamin,Jackson
73,40,TX,Avery,Wright
74,20,NJ,Emma,Brown
75,74,IN,Abigail,Hernandez
76,20,IN,Charlotte,Lopez
77,21,WI,Oliver,Thomas
78,64,FL,Sebastian,Thomas
79,18,WI,Charlotte,Clark
80,85,IN,Jack,Taylor
81,39,NJ,Mia,Taylor
82,63,IL,Owen,Martin
83,71,NJ,Asher,Jones
84,14,MA,Scarlett,Torres
85,25,NY,Mason,Wilson
86,77,NC,James,Thompson
87,21,GA,Camila,Jackson
88,33,MA,Mason,Martin
89,80,CA,Owen,Scott
90,51,FL,James,Taylor
91,27,FL,Chloe,Scott
92,32,NC,Theodore,Hill
93,39,NJ,Ava,Taylor
94,77,TN,Henry,Brown
95,24,AZ,Evelyn,Williams
96,13,NJ,Layla,Rodriguez
97,46,PA,Chloe,Lewis
98,83,AZ,Sofia,Smith
99,27,NY,Samuel,Martinez
100,82,TX,Camila,Nguyen
